[{"model": "stocklist.user", "pk": 1, "fields": {"password": "pbkdf2_sha256$260000$anf6oeTnnShfAjMNmtBsLu$J1Aa1cGub5+YBYMRRiU2Y85CyMsLKi+QvN4W+Mg+T8Q=", "last_login": "2024-01-05T13:23:06.277Z", "is_superuser": true, "username": "bishop", "first_name": "", "last_name": "", "email": "", "is_staff": true, "is_active": true, "date_joined": "2023-12-28T12:24:12.034Z", "groups": [], "user_permissions": []}}, {"model": "stocklist.store", "pk": 118, "fields": {"user": 1, "name": "Store"}}, {"model": "stocklist.list", "pk": 211, "fields": {"store": 118, "name": "Import", "type": "AD", "date_added": "2024-01-05T14:16:14.830Z"}}, {"model": "stocklist.list", "pk": 212, "fields": {"store": 118, "name": "Start", "type": "CO", "date_added": "2024-01-05T14:16:15.037Z"}}, {"model": "stocklist.list", "pk": 213, "fields": {"store": 118, "name": "End", "type": "CO", "date_added": "2024-01-05T14:16:15.039Z"}}, {"model": "stocklist.item", "pk": 2331, "fields": {"store": 118, "name": "Vodka 70cl"}}, {"model": "stocklist.item", "pk": 2332, "fields": {"store": 118, "name": "Gin 70cl"}}, {"model": "stocklist.item", "pk": 2333, "fields": {"store": 118, "name": "White Rum 70cl"}}, {"model": "stocklist.item", "pk": 2334, "fields": {"store": 118, "name": "Dark Rum 70cl"}}, {"model": "stocklist.item", "pk": 2335, "fields": {"store": 118, "name": "Spiced Rum 70cl"}}, {"model": "stocklist.item", "pk": 2336, "fields": {"store": 118, "name": "Reposado Tequila 70cl"}}, {"model": "stocklist.item", "pk": 2337, "fields": {"store": 118, "name": "Scotch Whisky 70cl"}}, {"model": "stocklist.item", "pk": 2338, "fields": {"store": 118, "name": "Irish Whiskey 70cl"}}, {"model": "stocklist.item", "pk": 2339, "fields": {"store": 118, "name": "Cognac 70cl"}}, {"model": "stocklist.item", "pk": 2340, "fields": {"store": 118, "name": "Orange Liqueur 70cl"}}, {"model": "stocklist.item", "pk": 2341, "fields": {"store": 118, "name": "Raspberry Liqueur 70cl"}}, {"model": "stocklist.item", "pk": 2342, "fields": {"store": 118, "name": "Fresh Lemon Juice 70cl"}}, {"model": "stocklist.item", "pk": 2343, "fields": {"store": 118, "name": "Fresh Lime Juice 70cl"}}, {"model": "stocklist.item", "pk": 2344, "fields": {"store": 118, "name": "Sugar Syrup 70cl"}}, {"model": "stocklist.item", "pk": 2345, "fields": {"store": 118, "name": "Grapefruit Juice 100cl"}}, {"model": "stocklist.item", "pk": 2346, "fields": {"store": 118, "name": "Apple Juice 100cl"}}, {"model": "stocklist.item", "pk": 2347, "fields": {"store": 118, "name": "Pineapple Juice 100cl"}}, {"model": "stocklist.item", "pk": 2348, "fields": {"store": 118, "name": "Orange Juice 100cl"}}, {"model": "stocklist.item", "pk": 2349, "fields": {"store": 118, "name": "Cranberry Juice 100cl"}}, {"model": "stocklist.listitem", "pk": 748, "fields": {"list": 211, "item": 2331, "amount": "10.0"}}, {"model": "stocklist.listitem", "pk": 749, "fields": {"list": 211, "item": 2332, "amount": "5.0"}}, {"model": "stocklist.listitem", "pk": 750, "fields": {"list": 211, "item": 2333, "amount": "10.0"}}, {"model": "stocklist.listitem", "pk": 751, "fields": {"list": 211, "item": 2334, "amount": "12.0"}}, {"model": "stocklist.listitem", "pk": 752, "fields": {"list": 211, "item": 2335, "amount": "6.0"}}, {"model": "stocklist.listitem", "pk": 753, "fields": {"list": 211, "item": 2336, "amount": "5.0"}}, {"model": "stocklist.listitem", "pk": 754, "fields": {"list": 211, "item": 2337, "amount": "10.0"}}, {"model": "stocklist.listitem", "pk": 755, "fields": {"list": 211, "item": 2338, "amount": "8.0"}}, {"model": "stocklist.listitem", "pk": 756, "fields": {"list": 211, "item": 2339, "amount": "7.0"}}, {"model": "stocklist.listitem", "pk": 757, "fields": {"list": 211, "item": 2340, "amount": "5.0"}}, {"model": "stocklist.listitem", "pk": 758, "fields": {"list": 211, "item": 2341, "amount": "4.0"}}, {"model": "stocklist.listitem", "pk": 759, "fields": {"list": 211, "item": 2342, "amount": "3.0"}}, {"model": "stocklist.listitem", "pk": 760, "fields": {"list": 211, "item": 2343, "amount": "10.0"}}, {"model": "stocklist.listitem", "pk": 761, "fields": {"list": 211, "item": 2344, "amount": "6.0"}}, {"model": "stocklist.listitem", "pk": 762, "fields": {"list": 211, "item": 2345, "amount": "5.0"}}, {"model": "stocklist.listitem", "pk": 763, "fields": {"list": 211, "item": 2346, "amount": "6.0"}}, {"model": "stocklist.listitem", "pk": 764, "fields": {"list": 211, "item": 2347, "amount": "12.0"}}, {"model": "stocklist.listitem", "pk": 765, "fields": {"list": 211, "item": 2348, "amount": "15.0"}}, {"model": "stocklist.listitem", "pk": 766, "fields": {"list": 211, "item": 2349, "amount": "4.0"}}, {"model": "admin.logentry", "pk": 1, "fields": {"action_time": "2023-12-28T12:24:36.067Z", "user": 1, "content_type": 2, "object_id": "1", "object_repr": "store", "action_flag": 1, "change_message": "[{\"added\": {}}]"}}, {"model": "admin.logentry", "pk": 2, "fields": {"action_time": "2023-12-28T12:26:50.149Z", "user": 1, "content_type": 2, "object_id": "1", "object_repr": "store", "action_flag": 3, "change_message": ""}}, {"model": "admin.logentry", "pk": 3, "fields": {"action_time": "2023-12-28T12:32:38.918Z", "user": 1, "content_type": 2, "object_id": "2", "object_repr": "store", "action_flag": 3, "change_message": ""}}, {"model": "admin.logentry", "pk": 4, "fields": {"action_time": "2023-12-28T12:35:16.642Z", "user": 1, "content_type": 2, "object_id": "3", "object_repr": "store", "action_flag": 3, "change_message": ""}}, {"model": "admin.logentry", "pk": 5, "fields": {"action_time": "2023-12-28T12:36:18.201Z", "user": 1, "content_type": 2, "object_id": "4", "object_repr": "store", "action_flag": 3, "change_message": ""}}, {"model": "admin.logentry", "pk": 6, "fields": {"action_time": "2023-12-28T12:38:40.973Z", "user": 1, "content_type": 2, "object_id": "5", "object_repr": "store", "action_flag": 3, "change_message": ""}}, {"model": "admin.logentry", "pk": 7, "fields": {"action_time": "2023-12-28T12:40:33.744Z", "user": 1, "content_type": 2, "object_id": "6", "object_repr": "store", "action_flag": 3, "change_message": ""}}, {"model": "admin.logentry", "pk": 8, "fields": {"action_time": "2023-12-28T12:52:28.367Z", "user": 1, "content_type": 2, "object_id": "7", "object_repr": "store", "action_flag": 3, "change_message": ""}}, {"model": "admin.logentry", "pk": 9, "fields": {"action_time": "2023-12-28T12:54:24.557Z", "user": 1, "content_type": 2, "object_id": "8", "object_repr": "store", "action_flag": 3, "change_message": ""}}, {"model": "admin.logentry", "pk": 10, "fields": {"action_time": "2023-12-28T12:58:08.836Z", "user": 1, "content_type": 2, "object_id": "9", "object_repr": "store", "action_flag": 3, "change_message": ""}}, {"model": "admin.logentry", "pk": 11, "fields": {"action_time": "2023-12-28T13:04:44.184Z", "user": 1, "content_type": 2, "object_id": "10", "object_repr": "store", "action_flag": 3, "change_message": ""}}, {"model": "admin.logentry", "pk": 12, "fields": {"action_time": "2023-12-28T13:18:57.577Z", "user": 1, "content_type": 2, "object_id": "11", "object_repr": "store", "action_flag": 3, "change_message": ""}}, {"model": "admin.logentry", "pk": 13, "fields": {"action_time": "2023-12-28T13:19:39.709Z", "user": 1, "content_type": 2, "object_id": "12", "object_repr": "store", "action_flag": 3, "change_message": ""}}, {"model": "admin.logentry", "pk": 14, "fields": {"action_time": "2023-12-28T13:21:09.879Z", "user": 1, "content_type": 2, "object_id": "13", "object_repr": "store", "action_flag": 3, "change_message": ""}}, {"model": "admin.logentry", "pk": 15, "fields": {"action_time": "2023-12-28T13:22:39.914Z", "user": 1, "content_type": 2, "object_id": "14", "object_repr": "store", "action_flag": 3, "change_message": ""}}, {"model": "admin.logentry", "pk": 16, "fields": {"action_time": "2023-12-28T13:29:09.916Z", "user": 1, "content_type": 2, "object_id": "15", "object_repr": "store", "action_flag": 3, "change_message": ""}}, {"model": "admin.logentry", "pk": 17, "fields": {"action_time": "2023-12-28T13:33:36.207Z", "user": 1, "content_type": 2, "object_id": "16", "object_repr": "store", "action_flag": 3, "change_message": ""}}, {"model": "admin.logentry", "pk": 18, "fields": {"action_time": "2023-12-28T13:35:32.877Z", "user": 1, "content_type": 2, "object_id": "17", "object_repr": "store", "action_flag": 3, "change_message": ""}}, {"model": "admin.logentry", "pk": 19, "fields": {"action_time": "2023-12-28T13:37:57.444Z", "user": 1, "content_type": 2, "object_id": "18", "object_repr": "store", "action_flag": 3, "change_message": ""}}, {"model": "admin.logentry", "pk": 20, "fields": {"action_time": "2023-12-28T13:40:23.273Z", "user": 1, "content_type": 2, "object_id": "19", "object_repr": "store", "action_flag": 3, "change_message": ""}}, {"model": "admin.logentry", "pk": 21, "fields": {"action_time": "2023-12-28T13:42:10.892Z", "user": 1, "content_type": 2, "object_id": "20", "object_repr": "store", "action_flag": 3, "change_message": ""}}, {"model": "admin.logentry", "pk": 22, "fields": {"action_time": "2023-12-28T13:52:14.580Z", "user": 1, "content_type": 2, "object_id": "21", "object_repr": "store", "action_flag": 3, "change_message": ""}}, {"model": "admin.logentry", "pk": 23, "fields": {"action_time": "2023-12-28T14:14:09.655Z", "user": 1, "content_type": 2, "object_id": "22", "object_repr": "store", "action_flag": 3, "change_message": ""}}, {"model": "admin.logentry", "pk": 24, "fields": {"action_time": "2023-12-28T14:17:57.278Z", "user": 1, "content_type": 2, "object_id": "23", "object_repr": "store", "action_flag": 3, "change_message": ""}}, {"model": "admin.logentry", "pk": 25, "fields": {"action_time": "2023-12-28T14:21:33.682Z", "user": 1, "content_type": 2, "object_id": "24", "object_repr": "store", "action_flag": 3, "change_message": ""}}, {"model": "admin.logentry", "pk": 26, "fields": {"action_time": "2023-12-28T14:22:21.400Z", "user": 1, "content_type": 2, "object_id": "25", "object_repr": "store", "action_flag": 3, "change_message": ""}}, {"model": "admin.logentry", "pk": 27, "fields": {"action_time": "2023-12-28T14:56:14.013Z", "user": 1, "content_type": 2, "object_id": "26", "object_repr": "store", "action_flag": 3, "change_message": ""}}, {"model": "admin.logentry", "pk": 28, "fields": {"action_time": "2023-12-28T14:57:08.673Z", "user": 1, "content_type": 2, "object_id": "27", "object_repr": "store", "action_flag": 3, "change_message": ""}}, {"model": "admin.logentry", "pk": 29, "fields": {"action_time": "2023-12-28T14:58:18.469Z", "user": 1, "content_type": 2, "object_id": "28", "object_repr": "store", "action_flag": 3, "change_message": ""}}, {"model": "admin.logentry", "pk": 30, "fields": {"action_time": "2023-12-28T15:15:42.024Z", "user": 1, "content_type": 2, "object_id": "29", "object_repr": "store", "action_flag": 3, "change_message": ""}}, {"model": "admin.logentry", "pk": 31, "fields": {"action_time": "2023-12-28T16:25:03.066Z", "user": 1, "content_type": 2, "object_id": "30", "object_repr": "store", "action_flag": 3, "change_message": ""}}, {"model": "admin.logentry", "pk": 32, "fields": {"action_time": "2023-12-28T16:46:33.646Z", "user": 1, "content_type": 2, "object_id": "31", "object_repr": "store", "action_flag": 3, "change_message": ""}}, {"model": "admin.logentry", "pk": 33, "fields": {"action_time": "2023-12-29T06:42:23.208Z", "user": 1, "content_type": 2, "object_id": "32", "object_repr": "store", "action_flag": 3, "change_message": ""}}, {"model": "admin.logentry", "pk": 34, "fields": {"action_time": "2024-01-01T12:57:03.032Z", "user": 1, "content_type": 5, "object_id": "1818", "object_repr": "1.0 Store & Pour ", "action_flag": 3, "change_message": ""}}, {"model": "admin.logentry", "pk": 35, "fields": {"action_time": "2024-01-02T07:22:20.179Z", "user": 1, "content_type": 2, "object_id": "88", "object_repr": "store", "action_flag": 3, "change_message": ""}}, {"model": "auth.permission", "pk": 1, "fields": {"name": "Can add user", "content_type": 1, "codename": "add_user"}}, {"model": "auth.permission", "pk": 2, "fields": {"name": "Can change user", "content_type": 1, "codename": "change_user"}}, {"model": "auth.permission", "pk": 3, "fields": {"name": "Can delete user", "content_type": 1, "codename": "delete_user"}}, {"model": "auth.permission", "pk": 4, "fields": {"name": "Can view user", "content_type": 1, "codename": "view_user"}}, {"model": "auth.permission", "pk": 5, "fields": {"name": "Can add store", "content_type": 2, "codename": "add_store"}}, {"model": "auth.permission", "pk": 6, "fields": {"name": "Can change store", "content_type": 2, "codename": "change_store"}}, {"model": "auth.permission", "pk": 7, "fields": {"name": "Can delete store", "content_type": 2, "codename": "delete_store"}}, {"model": "auth.permission", "pk": 8, "fields": {"name": "Can view store", "content_type": 2, "codename": "view_store"}}, {"model": "auth.permission", "pk": 9, "fields": {"name": "Can add list", "content_type": 3, "codename": "add_list"}}, {"model": "auth.permission", "pk": 10, "fields": {"name": "Can change list", "content_type": 3, "codename": "change_list"}}, {"model": "auth.permission", "pk": 11, "fields": {"name": "Can delete list", "content_type": 3, "codename": "delete_list"}}, {"model": "auth.permission", "pk": 12, "fields": {"name": "Can view list", "content_type": 3, "codename": "view_list"}}, {"model": "auth.permission", "pk": 13, "fields": {"name": "Can add item", "content_type": 4, "codename": "add_item"}}, {"model": "auth.permission", "pk": 14, "fields": {"name": "Can change item", "content_type": 4, "codename": "change_item"}}, {"model": "auth.permission", "pk": 15, "fields": {"name": "Can delete item", "content_type": 4, "codename": "delete_item"}}, {"model": "auth.permission", "pk": 16, "fields": {"name": "Can view item", "content_type": 4, "codename": "view_item"}}, {"model": "auth.permission", "pk": 17, "fields": {"name": "Can add list item", "content_type": 5, "codename": "add_listitem"}}, {"model": "auth.permission", "pk": 18, "fields": {"name": "Can change list item", "content_type": 5, "codename": "change_listitem"}}, {"model": "auth.permission", "pk": 19, "fields": {"name": "Can delete list item", "content_type": 5, "codename": "delete_listitem"}}, {"model": "auth.permission", "pk": 20, "fields": {"name": "Can view list item", "content_type": 5, "codename": "view_listitem"}}, {"model": "auth.permission", "pk": 21, "fields": {"name": "Can add log entry", "content_type": 6, "codename": "add_logentry"}}, {"model": "auth.permission", "pk": 22, "fields": {"name": "Can change log entry", "content_type": 6, "codename": "change_logentry"}}, {"model": "auth.permission", "pk": 23, "fields": {"name": "Can delete log entry", "content_type": 6, "codename": "delete_logentry"}}, {"model": "auth.permission", "pk": 24, "fields": {"name": "Can view log entry", "content_type": 6, "codename": "view_logentry"}}, {"model": "auth.permission", "pk": 25, "fields": {"name": "Can add permission", "content_type": 7, "codename": "add_permission"}}, {"model": "auth.permission", "pk": 26, "fields": {"name": "Can change permission", "content_type": 7, "codename": "change_permission"}}, {"model": "auth.permission", "pk": 27, "fields": {"name": "Can delete permission", "content_type": 7, "codename": "delete_permission"}}, {"model": "auth.permission", "pk": 28, "fields": {"name": "Can view permission", "content_type": 7, "codename": "view_permission"}}, {"model": "auth.permission", "pk": 29, "fields": {"name": "Can add group", "content_type": 8, "codename": "add_group"}}, {"model": "auth.permission", "pk": 30, "fields": {"name": "Can change group", "content_type": 8, "codename": "change_group"}}, {"model": "auth.permission", "pk": 31, "fields": {"name": "Can delete group", "content_type": 8, "codename": "delete_group"}}, {"model": "auth.permission", "pk": 32, "fields": {"name": "Can view group", "content_type": 8, "codename": "view_group"}}, {"model": "auth.permission", "pk": 33, "fields": {"name": "Can add content type", "content_type": 9, "codename": "add_contenttype"}}, {"model": "auth.permission", "pk": 34, "fields": {"name": "Can change content type", "content_type": 9, "codename": "change_contenttype"}}, {"model": "auth.permission", "pk": 35, "fields": {"name": "Can delete content type", "content_type": 9, "codename": "delete_contenttype"}}, {"model": "auth.permission", "pk": 36, "fields": {"name": "Can view content type", "content_type": 9, "codename": "view_contenttype"}}, {"model": "auth.permission", "pk": 37, "fields": {"name": "Can add session", "content_type": 10, "codename": "add_session"}}, {"model": "auth.permission", "pk": 38, "fields": {"name": "Can change session", "content_type": 10, "codename": "change_session"}}, {"model": "auth.permission", "pk": 39, "fields": {"name": "Can delete session", "content_type": 10, "codename": "delete_session"}}, {"model": "auth.permission", "pk": 40, "fields": {"name": "Can view session", "content_type": 10, "codename": "view_session"}}, {"model": "contenttypes.contenttype", "pk": 1, "fields": {"app_label": "stocklist", "model": "user"}}, {"model": "contenttypes.contenttype", "pk": 2, "fields": {"app_label": "stocklist", "model": "store"}}, {"model": "contenttypes.contenttype", "pk": 3, "fields": {"app_label": "stocklist", "model": "list"}}, {"model": "contenttypes.contenttype", "pk": 4, "fields": {"app_label": "stocklist", "model": "item"}}, {"model": "contenttypes.contenttype", "pk": 5, "fields": {"app_label": "stocklist", "model": "listitem"}}, {"model": "contenttypes.contenttype", "pk": 6, "fields": {"app_label": "admin", "model": "logentry"}}, {"model": "contenttypes.contenttype", "pk": 7, "fields": {"app_label": "auth", "model": "permission"}}, {"model": "contenttypes.contenttype", "pk": 8, "fields": {"app_label": "auth", "model": "group"}}, {"model": "contenttypes.contenttype", "pk": 9, "fields": {"app_label": "contenttypes", "model": "contenttype"}}, {"model": "contenttypes.contenttype", "pk": 10, "fields": {"app_label": "sessions", "model": "session"}}, {"model": "sessions.session", "pk": "8situbxb5sd8c6y3iwl7wsjvt1i05sv0", "fields": {"session_data": ".eJxVjDsOwjAQRO_iGlla_Kek5wzW2uvFAWRLcVIh7k4ipYBminlv5i0irkuN6yhznEhcBIjTb5cwP0vbAT2w3bvMvS3zlOSuyIMOeetUXtfD_TuoOOq2xuAocCghoaLMxHRmwxAAwbN2DAW89mSVVdpjZtjSUQZjEMEmEp8vEmE41Q:1rIpxN:FtIafpQ0ytnwzfVZClWvqJi_7i9ELtRgY_T5IF7sZdQ", "expire_date": "2024-01-11T12:57:49.900Z"}}, {"model": "sessions.session", "pk": "ay5q8oz2wee9495uaqyncva7kesed3ag", "fields": {"session_data": ".eJxVjDEOgzAQBP_iOrKw8WGTMj1vsO58R0wSGQlDFeXvAYkiabbYmd23iritOW5VljixuiqjLr8dYXpKOQA_sNxnneayLhPpQ9EnrXqYWV630_07yFjzvrYjWOohIYPpIIAxVqxxDrn1tIdLEkZhTg00oetRPCNZ8AQELbFRny_kSjhP:1rLkAE:Pa44We4hO6-zzasJEnAWoRNkgA44bB6Hys0rVGhRSl8", "expire_date": "2024-01-19T13:23:06.279Z"}}]